rank,uri,artist_names,track_name,source,peak_rank,previous_rank,days_on_chart,streams
1,"spotify:track:3bAAv8knmzFpYQsLFoK6de","Quevedo","TUCHAT","Quevedo",1,97,2,"707273"
2,"spotify:track:6iOndD4OFo7GkaDypWQIou","W Sound, Beéle, Ovy On The Drums","La Plena - W Sound 05","WEA Latina",1,1,137,"581814"
3,"spotify:track:7koAf6aZgjO6TS7bipfPD0","Ovy On The Drums, Quevedo, Beéle","YO y TÚ","WEA Latina",1,2,26,"535686"
4,"spotify:track:2mdrVnxEnPR6iFijakkxQS","Young Cister, Kreamly","QLOO*","Sony Music Entertainment Chile S.A",3,3,46,"501627"
5,"spotify:track:3jAshemiRYWukWLtT3Ivrb","Myke Towers, Quevedo","SOLEAO","WEA Latina",3,4,39,"467574"
6,"spotify:track:1HEwEN64NjgTaHmo7LfkX8","Beéle","no tiene sentido","5020 Records",1,5,53,"460849"
7,"spotify:track:1C7NXX8UJ6pgNx8EkmyZDd","Beéle","si te pillara","5020 Records",6,6,36,"437842"
8,"spotify:track:4DnrAI8WyUY6gkOwl8GlPN","Alleh, Yorghaki","capaz (merengueton)","CONMUER LLC",1,7,219,"348726"
9,"spotify:track:1cmfXbOvNJt7iDrnJy5BRE","Mora, C. Tangana","DROGA","Rimas Entertainment LLC.",1,8,50,"330782"
10,"spotify:track:4Zbv2Kn089ZkPv5BNozjWd","Juan Magán, Lucho RK","No Bailes Sola (NSM25)","We Love Asere",10,15,11,"314183"
11,"spotify:track:6uiQ0DqbXTBc8tl0AUKZkR","Rels B","TU VAS SIN (fav)","DALE PLAY Records / Flakk Team",11,18,18,"307252"
12,"spotify:track:18m5dJOPB2geFwOymXNaWg","Mora, De La Rose","AURORA","Rimas Entertainment LLC.",4,9,50,"302272"
13,"spotify:track:1k4Iyemx6P5fba7RRcHmeb","Delaossa, Quevedo, Bigla The Kid","Still Luvin","DALE PLAY Records",1,11,116,"292576"
14,"spotify:track:4ppQIsBpwNRKjOPPBZTgd0","Bad Gyal","Da Me","Interscope Records / Universal Music Latino",7,14,32,"281962"
15,"spotify:track:0nafF9MxcXJBQWv3BTKtdF","KAROL G, Feid","Verano Rosa","Bichota/Interscope Records",10,13,18,"266599"
16,"spotify:track:6vRQqxOhUFd78p5tL8jXr7","Luck Ra, BM","La Morocha","Sony Music Entertainment Chile S.A",10,10,299,"262787"
17,"spotify:track:1CTTIrl42flqn1WYUoxl0H","JC Reyes, De La Rose, MC Menor JP","NINFO","JC Reyes",3,17,130,"249878"
18,"spotify:track:1cQx85WypWumn7ZQjUxWQi","SAIKO, Omar Courtz","LOKENECESITAS","SAIKO/Sony Music Latin",7,16,25,"241849"
19,"spotify:track:29twJUQo66aqSd3lxoeswV","Omar Courtz, Bad Gyal","Comernos","Mr.305 Records / Rimas Entertainment LLC.",5,21,81,"236862"
20,"spotify:track:6OCNg7QchXJMww1LHMjIzb","Nicky Jam, Beéle","Hiekka","Nicky Jam",4,12,67,"235501"
21,"spotify:track:0dLdgRj8l4N0rmAwDxIV1Z","JC Reyes, David Marley","CELOSA","JC Reyes",9,20,114,"232588"
22,"spotify:track:2lTm559tuIvatlT1u0JYG2","Bad Bunny","BAILE INoLVIDABLE","Rimas Entertainment LLC.",2,24,184,"211263"
23,"spotify:track:7d6yK8v8J484SWH5prIQiE","Bad Bunny, Omar Courtz, Dei V","VeLDÁ","Rimas Entertainment LLC.",2,25,184,"210062"
24,"spotify:track:4zhk2RS2EZODmBW6il55Qj","Beéle, Ovy On The Drums","mi refe","5020 Records",3,19,210,"209471"
25,"spotify:track:63zeT81t627KKfZsC920QN","JC Reyes, Pirlo","REMEDIO","JC Reyes",17,23,80,"209425"
26,"spotify:track:2BvPMS2XWfnCpHHvWeOyeC","Mora","DETRÁS DE TU ALMA","Rimas Entertainment LLC.",17,27,50,"203512"
27,"spotify:track:73scB4Q4fcOmnsBVZPmk32","KAROL G","Si Antes Te Hubiera Conocido","Bichota/Interscope Records",1,22,382,"196851"
28,"spotify:track:2QP041AcWg8PwPIWP95RKN","Beéle","top diesel","5020 Records",23,31,43,"188132"
29,"spotify:track:1dnKyTHMBWzbYZ2LDXBefu","JC Reyes, Dei V","FLIPA","JC Reyes",2,26,117,"187230"
30,"spotify:track:2efbgTtEGNpsUZaOfgRTR6","Emilia, TINI, Nicki Nicole","blackout 🧊","Sony Music Latin",6,29,104,"177379"
31,"spotify:track:2SPBFiD8iITb8CKJGz1TEQ","Yan Block","111","SONAR LLC.",7,33,137,"176028"
32,"spotify:track:6pFD81uwGh25w62Ut3XSqd","Myke Towers","EXPECTATIVAS","WEA Latina",28,30,11,"174631"
33,"spotify:track:2ANtIUI9cipWNI685VdlZb","Pablo Chill-E","Resentia","G STARR ENT",19,35,80,"172847"
34,"spotify:track:58ldPuiCULxm08TCZ8qX4D","Quevedo, La Pantera","HALO","2024 DQE Productions Distribuido por RIMAS Entertainment",6,36,228,"166795"
35,"spotify:track:3tt9i3Hhzq84dPS8H7iSiJ","Manuel Turizo","La Bachata","Sony Music Latin/La Industria",1,28,1138,"166666"
36,"spotify:track:5TFD2bmFKGhoCRbX61nXY5","Bad Bunny","NUEVAYoL","Rimas Entertainment LLC.",1,32,184,"164108"
37,"spotify:track:61tC2eD62xjmkEX9FGEad7","Omar Courtz","UNA NOTi","Mr.305 Records / Rimas Entertainment LLC.",37,68,21,"161707"
38,"spotify:track:4uulymZhmebsjKedRaJ1gQ","rusowsky","malibU","Rusia-IDK/Warner Records",38,40,45,"161002"
39,"spotify:track:0JY2QXSvlpA8DZwgaAYWlY","Miguel Bueno, Juan Duque","Solcito","Sony Music Latin",7,34,114,"155750"
40,"spotify:track:2KrQbq3aqGOFGnkTKnN2XA","KAROL G","LATINA FOREVA","Bichota/Interscope Records",15,38,46,"154662"
41,"spotify:track:5DdLSEyKh8zgCrJq2hFj92","Yan Block, TORRRES","Yo sé","SONAR LLC.",6,47,261,"148271"
42,"spotify:track:0Sr7ssScx54yxdM2ols7nW","Omar Courtz, De La Rose","Q U E V A S H A C E R H O Y ?","Mr.305 Records / Rimas Entertainment LLC.",1,43,291,"145340"
43,"spotify:track:3I4YGWwJoqBdBGVnkRjnVw","Slayter, Yan Block, NTG","secuestro","SONAR LLC.",17,41,81,"145214"
44,"spotify:track:6J5kc12BW5HuP3d7C3vvx8","Bad Bunny","EoO","Rimas Entertainment LLC.",9,42,184,"141944"
45,"spotify:track:64zQbQTwu4ppBEfWyhst9t","KAROL G","Papasito","Bichota/Interscope Records",40,44,18,"140465"
46,"spotify:track:75hHR4TZqvB22EY0ntZfk1","Lucho RK, Quevedo","GUAYA","Lucho RK.",3,50,60,"139026"
47,"spotify:track:0DMJz677XfXiiruhIELu2e","Jombriel, DFZM, Jøtta","VITAMINA","WEA Latina",9,48,123,"136153"
48,"spotify:track:634CTghcuEDy2FXcTsLG5m","Alleh, Yorghaki","una noche","CONMUER LLC",13,46,190,"135982"
49,"spotify:track:5lCk0ZeN8h76QxNqHEGMZJ","Cris MJ","Vamo a Bailotear","Sonar LLC.",49,63,7,"133672"
50,"spotify:track:3sK8wGT43QFpWrvNQsrQya","Bad Bunny","DtMF","Rimas Entertainment LLC.",1,45,184,"133621"
51,"spotify:track:4TFjpINnVhINpTdrtNQIvx","Kapo, Feid","X TI","Sony Music Latin/La Industria",51,75,4,"132038"
52,"spotify:track:1o4xkdBe0RjSf2u6VXi4OI","Yan Block, Panda Black","444","SONAR LLC.",26,39,336,"131940"
53,"spotify:track:1cMU20gleQO9xYjCeni3DJ","Rels B, Kapo","Carita Angelikal","DALE PLAY Records / Flakk Team",17,49,18,"130408"
54,"spotify:track:1gaBfa1HWh1HVmuUAdBpzs","Dei V, De La Rose","Toa (with De La Rose)","Encore Recordings",17,51,102,"129975"
55,"spotify:track:6l18mUHOGVZRr5wTyITX0M","Aitana","6 DE FEBRERO","Universal Music Spain S.L.",2,37,63,"129041"
56,"spotify:track:2XbsqBrOdYjm0OLBEepID7","TINI, Beéle","Universidad","5020 Records",36,52,18,"125879"
57,"spotify:track:0uqt3MShCD4uYCIRNm6d4o","Quevedo","Columbia","Rimas Entertainment LLC.",1,57,733,"125024"
58,"spotify:track:1v6gyuulWDLqR3BKa6QcdT","Myke Towers, Pirlo","VAN CLEEF (feat. Pirlo)","WEA Latina",30,55,88,"121499"
59,"spotify:track:4gNyksmCmVAHJrFC1zIGqd","Camin, Kirrimode","BRASILEÑO","WM Spain",59,87,25,"120806"
60,"spotify:track:63rH77IJhmuQsNIxpCxaJ5","Lola Indigo","MOJA1TA","Universal Music Spain S.L.",14,54,25,"120381"
61,"spotify:track:0l0vcZMU7AOeQmUIREoI2U","Rauw Alejandro, Bad Bunny","Qué Pasaría...","Sony Music Latin/Duars Entertainment",1,56,235,"117786"
62,"spotify:track:6ifUES3keWjwXgae8pXI3o","Danny Ocean","Me Rehúso","Atlantic Records",1,59,2361,"115900"
63,"spotify:track:4jga8vZBHI77wVLjclVvQO","DYSTINCT, Morad","RS6","Avalon Music",43,64,60,"112530"
64,"spotify:track:59D4DOkspUbWyMmbAPQkxZ","Bad Bunny","VOY A LLeVARTE PA PR","Rimas Entertainment LLC.",2,58,184,"112269"
65,"spotify:track:2kQ1OvmMzs1xdlH020aJJh","Quevedo, Aitana","GRAN VÍA","2024 DQE Productions Distribuido por RIMAS Entertainment",1,60,229,"110243"
66,"spotify:track:70JnnNNAxPjvZGPwjJfX47","La La Love You, Axolotes Mexicanos","El Fin del Mundo","Subterfuge Records distributed by Altafonte",35,53,1812,"108299"
67,"spotify:track:2RkZ5LkEzeHGRsmDqKwmaJ","Alex Warren","Ordinary","Atlantic Records",44,66,104,"107679"
68,"spotify:track:0TXnPOsRZQIFjPkzyKMFXv","Morad, Dei V","Banda","M.D.L.R",34,91,4,"105238"
69,"spotify:track:76GPCCO2Qy5d68vSpAcliC","Bryant Myers, Clarent","Killa","Rimas Entertainment LLC.",12,72,81,"104719"
70,"spotify:track:68nZjz3bLH1MM0cURT1YVH","Sebastian Yatra, Manuel Turizo, Beéle","Vagabundo","Universal Music Latino",3,62,788,"103508"
71,"spotify:track:63NzbBRuMRtzMNKhL0RizU","Hanzel La H, Luar La L, Hades66, Ovi","Los Rockstar No Van Al Cielo - Remix","WEA Latina",34,65,5,"102790"
72,"spotify:track:6Sv0CzVqzydd7NYQgAG70c","KAROL G","Ivonny Bonita","Bichota/Interscope Records",56,77,18,"101957"
73,"spotify:track:24UStI5AYA7g5ufFDh3LH0","Fito y Fitipaldis","Por la boca vive el pez","DRO/Spain",59,61,871,"98718"
74,"spotify:track:5KbBVSj6AJZ5662fO8EYFh","Marshmello, Manuel Turizo","El Merengue","Sony Music Latin",3,67,858,"98233"
75,"spotify:track:3ddJ8Vbc5tYPxq5zKRVke6","KAROL G, Marco Antonio Solís","Coleccionando Heridas","Bichota/Interscope Records",59,70,18,"97782"
76,"spotify:track:70LTdbe3zYvsY5c1Gw9Gxv","Alleh, Yorghaki","la culpa (track 11)","La Ciudad",34,73,25,"97312"
77,"spotify:track:2KcNrONbZ0hvBPjvrDO2tx","Myke Towers","ALMAS GEMELAS","WEA Latina",10,82,336,"96733"
78,"spotify:track:5FLzweTtgQurkLPs0E7uEO","Danny Ocean, Sech","Priti","Atlantic Records",11,69,108,"95067"
79,"spotify:track:3aVC2o93aAvQxCSAPlj9Uo","Quevedo","VISTA AL MAR","Rimas Entertainment LLC.",2,128,1023,"94664"
80,"spotify:track:06s3QtMJVXw1AJX3UfvZG1","Anuel AA, Bad Bunny","Hasta Que Dios Diga","2020 Real Hasta La Muerte, LLC",1,93,832,"94009"
81,"spotify:track:7bywjHOc0wSjGGbj04XbVi","Feid, ATL Jacob","LUNA","UMLE - Latino",2,86,585,"93016"
82,"spotify:track:1LiN0Z98FkR1t0m8KmLcAH","Anuel AA, Haze","Amanece","House of Haze",5,85,1310,"92965"
83,"spotify:track:3fmw8iIyQDS2L7nE6Wd0xG","Beéle","sobelove","5020 Records",15,80,123,"92387"
84,"spotify:track:0GmiGIxXDNrePrHBpijYDp","Yannc, Darkiel, Eladio Carrion, Brray, Myke Towers","Sigue Bailandome","Full Harmony",84,99,7,"92302"
85,"spotify:track:3HwOh611McmotNJOLEb66y","Aitana","CUANDO HABLES CON ÉL","Universal Music Spain S.L.",4,94,39,"91377"
86,"spotify:track:4OwhwvKESFtuu06dTgct7i","Marc Seguí, Rauw Alejandro, Pol Granch","Tiroteo - Remix","WEA Latina",6,81,1091,"91202"
87,"spotify:track:3l8zyeHnG8u2q7H4FQyVtS","KAROL G","Tropicoqueta","Bichota/Interscope Records",71,78,18,"90901"
88,"spotify:track:3tMftGMXTPbQlmjh4FzXpZ","Dani Fernández","Me has invitado a bailar","WM Spain",13,71,319,"90739"
89,"spotify:track:31we7ZzWdSBEOKs5Ln6QVF","De La Rose, Omar Courtz","NUBES","WEA Latina",7,83,95,"90299"
90,"spotify:track:3HqcNJdZ2seoGxhn0wVNDK","KAROL G","PROVENZA","BICHOTA RECORDS / INTERSCOPE RECORDS / UNIVERSAL MUSIC LATINO",2,92,1129,"87805"
91,"spotify:track:3VvA1wSxukMLsvXoXtlwWx","Boza","Hecha Pa' Mi","Sony Music Latin",3,95,482,"87783"
92,"spotify:track:0Qe2g06yzLBuuSvVmFiweP","Nanpa Básico, Beéle","Hasta Aquí Llegué","5020 Records",60,104,287,"87477"
93,"spotify:track:6sHBvzRsuGunQTfCk18KXi","Juan Magán","Bailando por Ahi","Columbia",68,74,361,"87438"
94,"spotify:track:1kdwkOPaEfwu5HMpk4S3ve","Gonzy","10DE10","Visonare Records",94,102,15,"87266"
95,"spotify:track:5HmbkAdM5TJZcCmFQgNHI6","Anuel AA","Little Demon","Real Hasta La Muerte, LLC",26,105,11,"86920"
96,"spotify:track:3v1dCP3hk2djfWryqfp7sx","Melendi","Caminando por la vida","Parlophone Spain",52,76,1341,"86720"
97,"spotify:track:5dDlknAL9imbXXl7uG7oqe","Omar Courtz","⁠LUCES DE COLORES","Mr.305 Records / Rimas Entertainment LLC.",79,103,129,"86080"
98,"spotify:track:5q2JbCNi4FcnglgPfxcV65","Anuel AA, Daddy Yankee, Zion & Lennox, Farruko, Wisin","Sola (Remix)","Spiff TV, LLC / Real Hasta La Muerte, Inc.",10,90,762,"85389"
99,"spotify:track:1zsPaEkglFvxjAhrM8yhpr","Ozuna, Feid","Hey Mor","Aura Music Corp.",2,134,804,"85128"
100,"spotify:track:4SJHHpKhcuXwDsCsPqshXj","Rauw Alejandro, Chencho Corleone","El Efecto","Duars Entertainment, Corp.",25,88,408,"84330"
101,"spotify:track:3KZCP2StVGdWkOKyRZNWA4","Plan B","Es un Secreto","Pina Records",37,133,773,"83940"
102,"spotify:track:5jt25aFjW2kNoBqaEVaz5W","Mora, Feid","LA INOCENTE","Rimas Entertainment LLC",7,100,1138,"83186"
103,"spotify:track:3Ob9NJaBlOGDvndnG6G2PW","Mora, Omar Courtz","MÁS QUE ALGO","Rimas Entertainment LLC.",7,106,50,"82907"
104,"spotify:track:0G2zPzWqVjR68iNPmx2TBe","Mora, Bad Bunny, Sech","Volando - Remix","Rimas Entertainment LLC",3,96,831,"81696"
105,"spotify:track:4rxPM7gelblflqcSTp6pkw","8belial, Bad Gyal, Virtual Flavor","Orilla","8BELIAL",6,144,116,"81367"
106,"spotify:track:1VB4sadHjFcFklHcZuoROi","Estopa","Como Camarón","Ariola",32,79,1642,"80976"
107,"spotify:track:4wJ5Qq0jBN4ajy7ouZIV1c","ROSÉ, Bruno Mars","APT.","Atlantic Records",22,89,263,"80479"
108,"spotify:track:1B1maIpcMpPDZ8GT0WHT0V","KAROL G","Milagros","Bichota/Interscope Records",21,112,61,"79411"
109,"spotify:track:1gRaHuKLW9Uo9qYkb7MvGP","Bad Gyal, Trueno","Angelito","Interscope Records / Universal Music Latino",3,108,172,"79316"
110,"spotify:track:4zbEItKoaRId1vRZkoO0Uh","Danny Ocean, Kapo","Imagínate","Atlantic Records",3,130,242,"78943"
111,"spotify:track:0fMjldiEpgjbWQ4bBQwVzH","Kapo","UWAIE","Sony Music Latin/La Industria",2,111,326,"78291"
112,"spotify:track:6VfL3MEuYeJbDlD8m011HR","Beéle","quédate","5020 Records",66,119,48,"77404"
113,"spotify:track:7ABLbnD53cQK00mhcaOUVG","Myke Towers","LALA","WEA Latina",1,131,741,"76470"
114,"spotify:track:3ng8tfwvzR4BBwa9yaMms6","SAIKO, JC Reyes, Dei V","BADGYAL","2024 SAIKONETA",1,101,438,"76280"
115,"spotify:track:4MUrUT38U98olfnyzMBCzm","Bad Bunny","KLOuFRENS","Rimas Entertainment LLC.",10,137,184,"76121"
116,"spotify:track:5xtxxuIqInrLDSfjA6Co3o","Bad Gyal","Fiebre - Prod. King DouDou","Bad Gyal",71,148,718,"76023"
117,"spotify:track:1CPZ5BxNNd0n0nF4Orb9JS","HUNTR/X, EJAE, AUDREY NUNA, REI AMI, KPop Demon Hunters Cast","Golden","K-Pop Demon Hunters",117,136,8,"75904"
118,"spotify:track:62sv8pbKqGwVeN4F20DSXM","Melendi","Un violinista en tu tejado","Parlophone Spain",80,98,822,"75865"
119,"spotify:track:6C1RD7YQVvt3YQj0CmuTeu","Bad Bunny, Ozuna, Farruko, Arcángel, Ñengo Flow, DJ Luian, Mambo Kingz","Diles","Rimas Entertainment LLC",72,124,924,"75820"
120,"spotify:track:1m69ELEgE6k5ZWsap40ozt","Ozuna","Se Preparó","VP Records Corp/Dimelo Vi",2,110,568,"75704"
121,"spotify:track:6yCjU5j6YHbux2VQCBTTE1","Melendi","Tu jardín con enanitos","WM Spain",54,107,1049,"75659"
122,"spotify:track:3xkHsmpQCBMytMJNiDf3Ii","Benson Boone","Beautiful Things","Night Street Records, Inc./Warner Records Inc.",17,116,515,"75617"
123,"spotify:track:2gzLHBLh9IWhswffneqHbl","Kapo, Myke Towers","ILY","Sony Music Latin/La Industria",15,109,115,"75583"
124,"spotify:track:6Xom58OOXk2SoU711L2IXO","Bad Bunny","Moscow Mule","Rimas Entertainment LLC",1,174,562,"75425"
125,"spotify:track:6mmPpaltUZK7xjNlBPQQ0p","Rauw Alejandro, Chencho Corleone","Desesperados","Sony Music Latin/Duars Entertainment",1,126,1046,"75304"
126,"spotify:track:1tTEcJKC5uAtIoPrWCkmXZ","KAROL G, Greeicy","Amiga Mía","Bichota/Interscope Records",67,129,18,"74535"
127,"spotify:track:4eo11GQla5DlqMHQ76ym3l","Gonzy","FRIKI","Visonare Records",8,132,444,"74349"
128,"spotify:track:3xiNRrrVROKlHrflHGNTfG","Fito y Fitipaldis","Antes de que cuente diez","WM Spain",117,117,82,"74315"
129,"spotify:track:7MNGE2R8drq3d04vH5Ahlm","Rvssian, Young Miko, Omar Courtz, Clarent","WOAHH (feat. Clarent)","Sony Music Latin",26,145,116,"74204"
130,"spotify:track:7so0lgd0zP2Sbgs2d7a1SZ","Lady Gaga, Bruno Mars","Die With A Smile","Interscope Records",23,114,326,"74148"
131,"spotify:track:7eNwwoxDR8KVzNAuGvliAO","Omar Courtz, De La Rose, Haze","Kyoto","House of Haze",59,135,262,"73554"
132,"spotify:track:2Eqtd0tcTHaIJkZXUQnuqh","Yan Block","5'3","SONAR LLC.",67,178,74,"73244"
133,"spotify:track:4ad3yFpPEMFLnvCtvbman5","Becky G, Manuel Turizo","QUE HACES","Kemosabe Records/RCA Records/Sony Music Latin",46,125,60,"72932"
134,"spotify:track:482PEx8hfMHSsuGtHd960A","Kapo","OHNANA","Sony Music Latin/La Industria",2,122,377,"72529"
135,"spotify:track:3vKYvbzB7801a5qd47pxkm","Mora, Quevedo","APA","Rimas Entertainment LLC",1,-1,439,"72407"
136,"spotify:track:4n0JnrS5az8qhhQRuofBfo","KAROL G, Eddy Lover","Dile Luna","Bichota/Interscope Records",64,120,18,"72243"
137,"spotify:track:5orb2qBX5ISKtsSy20v8SK","Gonzy, SAIKO, Arcángel","X'CLUSIVO (REMIX)","Visonare Records",1,118,494,"72090"
138,"spotify:track:0JoHqmlqE0W0i9prt6kcHR","Maluma, Trap Capos, Noriel, Bryant Myers, Juhn","Cuatro Babys (feat. Trap Capos, Noriel, Bryant Myers & Juhn)","Sony Music Latin",53,177,339,"72035"
139,"spotify:track:0qeIFEGRQqHoaJtLCl0U73","Myke Towers, benny blanco","DEGENERE 👑 (feat. benny blanco)","WEA Latina",1,127,263,"72034"
140,"spotify:track:1SK2Xrd3XvqASmuNuN9ccM","Kapo, Manuel Turizo","ANTES","Sony Music Latin/La Industria",140,-1,1,"71660"
141,"spotify:track:0kHyQJgRXOfB5EhBFTSpRJ","Morad","Lamine","M.D.L.R",78,146,4,"70890"
142,"spotify:track:2J9B63FawlTaPdg4eH5X03","Beéle","Loco","Hear This Music",13,163,363,"70816"
143,"spotify:track:505v13epFXodT9fVAJ6h8k","KAROL G","AMARGURA","BICHOTA RECORDS / INTERSCOPE RECORDS / UNIVERSAL MUSIC LATINO",14,143,767,"70401"
144,"spotify:track:6DUdDIRgLqCGq1DwkNWQTN","Maluma","Borro Cassette","Sony Music Latin",17,-1,483,"69376"
145,"spotify:track:0eVborSuxUeSg0meWYd9dZ","Fito y Fitipaldis","Soldadito marinero","DRO/EastWest Spain",72,113,2547,"68879"
146,"spotify:track:3rdAz1fbUfZxYgaCviYhRo","Rauw Alejandro","Todo De Ti","Sony Music Latin/Duars Entertainment",1,141,1147,"68495"
147,"spotify:track:6hpuesKPNa3WhV48O7Fa47","Aitana","SUPERESTRELLA","Universal Music Spain S.L.",28,152,39,"68185"
148,"spotify:track:6rWIHEedAYET828v7QY22S","Aitana","CONEXIÓN PSÍQUICA","Universal Music Spain S.L.",27,150,39,"67859"
149,"spotify:track:5WEF0icHWmAZBBMglBd599","Bad Bunny, Chuwi","WELTiTA","Rimas Entertainment LLC.",7,153,184,"67635"
150,"spotify:track:0h0mWHM5SkpS9rcmGyBoox","Clarent","Enzaciao","Kp records",127,164,64,"67395"
151,"spotify:track:0w0e3Te2Rd4t8gGKi3sU6a","Yan Block","Vacile","SONAR LLC.",16,183,346,"66867"
152,"spotify:track:30ddpolNHwXlrS5XO8MiiO","Amaral","Marta, Sebas, Guille y los demás","Parlophone Spain",102,115,157,"66151"
153,"spotify:track:5SMdW9cbM4wTMMPI8Ck08a","Fito y Fitipaldis","Me equivocaría otra vez","DRO/Spain",138,138,21,"66118"
154,"spotify:track:0F1svfSx95E3qDBySn719G","Kidd Voodoo, JC Reyes","Me Mareo","Kidd Voodoo",151,-1,8,"66018"
155,"spotify:track:5xSt1wxZobFcLzHrFakv6z","SAIKO","COSAS QUE NO TE DIJE","WM Spain",7,168,551,"65010"
156,"spotify:track:0XRJc66Gcvq8F98KE1TXD8","Rels B","Mis Días A Tu Suerte","DALE PLAY Records / Flakk Team",40,191,18,"64938"
157,"spotify:track:7iUtQNMRB8ZkKC4AmEuCJC","Myke Towers","LA FALDA","WEA Latina",1,147,578,"64859"
158,"spotify:track:6a9Z1jUms915w4O7N1PxjY","Rvssian, Rauw Alejandro, Ayra Starr","Santa","Sony Music Latin",1,142,451,"64764"
159,"spotify:track:3YrTrs2hJbLklaBdhr4TrH","ROA, De La Rose, Luar La L, Yan Block, Omar Courtz","ETA - RMX","UMLE - Latino",20,166,197,"64667"
160,"spotify:track:0fea68AdmYNygeTGI4RC18","J Balvin, Bad Bunny","LA CANCIÓN","Universal Music Latino / Rimas",5,165,1527,"63586"
161,"spotify:track:67LKV40NfSSGIJnm0xz6fi","Quevedo, Pitbull","MR. MOONDIAL","2024 DQE Productions Distribuido por RIMAS Entertainment",5,84,229,"63135"
162,"spotify:track:0PtLrH95CQ2lKf6pym5LmA","Pepe y Vizio, Delaossa, KIDDO","El Patio","Helsinkipro",8,123,735,"63037"
163,"spotify:track:6TT5rB0Rwneb6ZaopHQir4","Alleh, Yorghaki","el ingeniero","CONMUER LLC",10,155,191,"63015"
164,"spotify:track:4w6Wpq1KWk485krowaqUIV","KAROL G, Manu Chao","Viajando Por El Mundo","Bichota/Interscope Records",115,170,17,"62570"
165,"spotify:track:1YYfyJ2yCvGFCxwjsIqEK9","Rauw Alejandro, Romeo Santos","Khé?","Sony Music Latin/Duars Entertainment",8,184,232,"62257"
166,"spotify:track:1Hq9DR1s1DZIlpNZMEFA0v","Rels B","UYUNI","DALE PLAY Records / Flakk Team",23,-1,17,"62221"
167,"spotify:track:2tTmW7RDtMQtBk7m2rYeSw","Bizarrap, Quevedo","Quevedo: Bzrp Music Sessions, Vol. 52/66","DALE PLAY Records",1,156,1045,"61495"
168,"spotify:track:2esZG2XFtuoWWA9AfDvSxy","FloyyMenor, Cris MJ","Gata Only","FloyyMenor under exclusive license to UnitedMasters LLC",2,151,506,"61382"
169,"spotify:track:6QdwUxKYnMsTGaHP0kuq7T","Rels B","que todo siga igual,,, o que vaya mejor","DALE PLAY Records / Flakk Team",71,-1,16,"61262"
170,"spotify:track:4HsjtyUDFGAxRF3AaA6q07","SAIKO, Feid, Quevedo, Mora","POLARIS - Remix","2024 SAIKONETA",1,159,635,"61193"
171,"spotify:track:5n2XTRsYFlZwNBp06KAjDX","Cosculluela, Bad Bunny","Madura","Rottweilas, Inc.",7,-1,721,"60734"
172,"spotify:track:1mAUVEQWn2PRxWnRhQreBo","Sky Rompiendo, Dei V","CRUSH","Sony Music Latin",15,139,516,"60634"
173,"spotify:track:4z46E3coZuv7TeGawEd4Ze","Yan Block, NTG, SAIKO","Juguete","SONAR LLC.",61,-1,242,"60492"
174,"spotify:track:0J2YHeebc3HvUDl2XDPu7d","JC Reyes, Sky Rompiendo","DESEO","JC Reyes",9,192,137,"60471"
175,"spotify:track:17phhZDn6oGtzMe56NuWvj","Teddy Swims","Lose Control","Warner Records",59,190,498,"60306"
176,"spotify:track:42UBPzRMh5yyz0EDPr6fr1","Sabrina Carpenter","Manchild","Island Records",54,-1,29,"60268"
177,"spotify:track:35ISBknsCeZQtq66xABI9g","Lola Young","Messy","Universal-Island Records Ltd.",65,196,196,"60197"
178,"spotify:track:428cFrawSqeLoyooQjAW9d","Fito y Fitipaldis","La casa por el tejado","DRO/EastWest Spain",140,140,15,"60034"
179,"spotify:track:559YUIWxUc8Mx4lsla13Ff","Mora, YOVNGCHIMI","MODELITO","Rimas Entertainment LLC",4,188,696,"59920"
180,"spotify:track:4sykJxUsqdXZRqRv1J9fEQ","Omar Montes, JC Reyes","Goteras","Sony Music Latin",1,154,374,"59892"
181,"spotify:track:5OaqffbeQyVVqtnA71Ci7K","Estopa","Por la Raja de Tu Falda","Ariola",80,149,409,"59889"
182,"spotify:track:4rKQ8daoK0aklVptea8A9E","Lola Indigo, Quevedo","EL TONTO","Universal Music Spain S.L.",1,-1,750,"59538"
183,"spotify:track:1JSTJqkT5qHq8MDJnJbRE1","The Police","Every Breath You Take","Polydor Records",87,161,470,"59442"
184,"spotify:track:3y33vvSSP8dNie0hDK4CvF","Quevedo, Myke Towers","PLAYA DEL INGLÉS","Rimas Entertainment LLC.",1,160,867,"59360"
185,"spotify:track:6IuZFiKCeyQINqL0Id3xF2","Viva Suecia","El Bien","Universal Music Spain S.L.",110,157,109,"59290"
186,"spotify:track:4waqcUQWdj0yH26STWl2Rq","La Oreja de Van Gogh","Rosas","Columbia",30,-1,344,"59164"
187,"spotify:track:4iWjsRa7DnFiqiihxnyFoI","KAROL G","Tu Perfume","Bichota/Interscope Records",85,179,18,"59106"
188,"spotify:track:7lcbpfihslisNObKdHjyLo","Clarent, Mora","IA","WEA Latina",1,189,263,"59053"
189,"spotify:track:6768f4xbHQBpJo5lvFVNvs","Myke Towers","La Playa","2020 One World Music & Casablanca Records | Powered by GLAD Empire, LL",1,181,441,"58967"
190,"spotify:track:0fOjPUdkQjLH0aoGa5p5h4","Bryant Myers, Anuel AA, Anonimus, Almighty","Esclava - Remix","Millogang Music Inc., Real Hasta La Muerte LLC, Anonimus Music, La Industria De Los Inmortales",107,194,116,"58896"
191,"spotify:track:5Dnb3h6VXcY3MCP6vqpckK","Morad, J Abecia","Chula","M.D.L.R",80,162,4,"58352"
192,"spotify:track:2a1o6ZejUi8U3wzzOtCOYw","Don Omar, Lucenzo","Danza Kuduro","UMLE - Machete",125,171,169,"58055"
193,"spotify:track:0CLVh9I8uHfuyorOdLFim7","Beret, Estopa","Diablo","WM Spain",22,-1,572,"57900"
194,"spotify:track:7MmrcXVA7A5zZ2CbDuGHNa","Rels B","A Mí","DALE PLAY Records / Flakk Team",44,-1,504,"57540"
195,"spotify:track:1i1n7hUzCDkXGFqIJSSzom","Beéle","frente al mar","5020 Records",55,-1,272,"57506"
196,"spotify:track:2zvvoRLAWTaq0PbbcWUsoc","mvrk","Apretar +","Rimas Entertainment Europa",140,-1,12,"57083"
197,"spotify:track:5MG4QNLAZfxIiGethXtl8X","Lola Indigo","SIN AUTOTUNE","Universal Music Spain S.L.",16,-1,98,"56898"
198,"spotify:track:7DiNJqM6uyiYqqWX1wsqxG","Yapi","DONDE TE ESCONDES?","Yapi",7,-1,168,"56854"
199,"spotify:track:2vSJKKmOEJQA5tr082p5XX","Siloé","Todos los Besos","La Niebla Records",168,180,11,"56769"
200,"spotify:track:2318Aoqig6HS9YkHGlAm8T","Rels B, J Abecia","Te Regalo","DALE PLAY Records / Flakk Team",3,-1,213,"56768"
